<Anims>
 <anim name="idle" root="ako_sake_vessel" numframes="100" framerate="40">
  <frame idx="0" w="235" h="223" x="-10.999908" y="-49.439972">
   <element name="ako_sake_vessel" layername="ako_sake_vessel" frame="0" z_index="1" m_a="1.000000" m_b="0.000000" m_c="0.000000" m_d="1.000000" m_tx="0.000000" m_ty="0.000000"/>
  </frame>
  <frame idx="25" w="235" h="223" x="-10.999908" y="-49.439972">
   <element name="ako_sake_vessel" layername="ako_sake_vessel" frame="0" z_index="1" m_a="1.000000" m_b="0.000000" m_c="0.000000" m_d="1.000000" m_tx="0.000000" m_ty="0.000000"/>
  </frame>
  <frame idx="50" w="235" h="223" x="-10.999908" y="-49.439972">
   <element name="ako_sake_vessel" layername="ako_sake_vessel" frame="0" z_index="1" m_a="1.000000" m_b="0.000000" m_c="0.000000" m_d="1.000000" m_tx="0.000000" m_ty="0.000000"/>
  </frame>
  <frame idx="75" w="235" h="223" x="-10.999908" y="-49.439972">
   <element name="ako_sake_vessel" layername="ako_sake_vessel" frame="0" z_index="1" m_a="1.000000" m_b="0.000000" m_c="0.000000" m_d="1.000000" m_tx="0.000000" m_ty="0.000000"/>
  </frame>
 </anim>
</Anims>
