<Anims>
 <anim name="idle" root="amakumo_fruit" numframes="100" framerate="40">
  <frame idx="0" w="250" h="416" x="32.332466" y="-119.101593">
   <element name="image" layername="amakumo_fruit" frame="0" z_index="1" m_a="0.823821" m_b="-0.566850" m_c="0.566850" m_d="0.823821" m_tx="0.000000" m_ty="0.000000"/>
  </frame>
  <frame idx="25" w="250" h="416" x="32.332466" y="-119.101593">
   <element name="image" layername="amakumo_fruit" frame="0" z_index="1" m_a="0.823821" m_b="-0.566850" m_c="0.566850" m_d="0.823821" m_tx="0.000000" m_ty="0.000000"/>
  </frame>
  <frame idx="50" w="250" h="416" x="32.332466" y="-119.101593">
   <element name="image" layername="amakumo_fruit" frame="0" z_index="1" m_a="0.823821" m_b="-0.566850" m_c="0.566850" m_d="0.823821" m_tx="0.000000" m_ty="0.000000"/>
  </frame>
  <frame idx="75" w="250" h="416" x="32.332466" y="-119.101593">
   <element name="image" layername="amakumo_fruit" frame="0" z_index="1" m_a="0.823821" m_b="-0.566850" m_c="0.566850" m_d="0.823821" m_tx="0.000000" m_ty="0.000000"/>
  </frame>
 </anim>
</Anims>
