<Anims>
 <anim name="idle" root="crown_of_insight" numframes="100" framerate="40">
  <frame idx="0" w="211" h="332" x="0.000000" y="-86.000000">
   <element name="images" layername="image" frame="0" z_index="1" m_a="1.000000" m_b="0.000000" m_c="0.000000" m_d="1.000000" m_tx="0.000000" m_ty="0.000000"/>
  </frame>
  <frame idx="25" w="211" h="332" x="0.000000" y="-86.000000">
   <element name="images" layername="image" frame="0" z_index="1" m_a="1.000000" m_b="0.000000" m_c="0.000000" m_d="1.000000" m_tx="0.000000" m_ty="0.000000"/>
  </frame>
  <frame idx="50" w="211" h="332" x="0.000000" y="-86.000000">
   <element name="images" layername="image" frame="0" z_index="1" m_a="1.000000" m_b="0.000000" m_c="0.000000" m_d="1.000000" m_tx="0.000000" m_ty="0.000000"/>
  </frame>
  <frame idx="75" w="211" h="332" x="0.000000" y="-86.000000">
   <element name="images" layername="image" frame="0" z_index="1" m_a="1.000000" m_b="0.000000" m_c="0.000000" m_d="1.000000" m_tx="0.000000" m_ty="0.000000"/>
  </frame>
 </anim>
</Anims>
