<Anims>
 <anim name="idle" root="spice_amakumo" numframes="100" framerate="40">
  <frame idx="0" w="263" h="218" x="-2.000099" y="-53.000061">
   <element name="spice_amakumo" layername="spice_amakumo" frame="0" z_index="1" m_a="1.000000" m_b="0.000000" m_c="0.000000" m_d="1.000000" m_tx="0.000000" m_ty="0.000000"/>
  </frame>
  <frame idx="25" w="263" h="218" x="-2.000099" y="-53.000061">
   <element name="spice_amakumo" layername="spice_amakumo" frame="0" z_index="1" m_a="1.000000" m_b="0.000000" m_c="0.000000" m_d="1.000000" m_tx="0.000000" m_ty="0.000000"/>
  </frame>
  <frame idx="50" w="263" h="218" x="-2.000099" y="-53.000061">
   <element name="spice_amakumo" layername="spice_amakumo" frame="0" z_index="1" m_a="1.000000" m_b="0.000000" m_c="0.000000" m_d="1.000000" m_tx="0.000000" m_ty="0.000000"/>
  </frame>
  <frame idx="75" w="263" h="218" x="-2.000099" y="-53.000061">
   <element name="spice_amakumo" layername="spice_amakumo" frame="0" z_index="1" m_a="1.000000" m_b="0.000000" m_c="0.000000" m_d="1.000000" m_tx="0.000000" m_ty="0.000000"/>
  </frame>
 </anim>
</Anims>
