<Anims>
 <anim name="idle" root="raiden_cook_pot_food" numframes="100" framerate="40">
  <frame idx="0" w="212" h="277" x="0.749954" y="-58.500092">
   <element name="adjudicatetime" layername="adjudicatetime" frame="0" z_index="1" m_a="1.000000" m_b="0.000000" m_c="0.000000" m_d="1.000000" m_tx="0.749952" m_ty="-1.500096"/>
  </frame>
  <frame idx="25" w="212" h="277" x="0.749954" y="-58.500092">
   <element name="adjudicatetime" layername="adjudicatetime" frame="0" z_index="1" m_a="1.000000" m_b="0.000000" m_c="0.000000" m_d="1.000000" m_tx="0.749952" m_ty="-1.500096"/>
  </frame>
  <frame idx="50" w="212" h="277" x="0.749954" y="-58.500092">
   <element name="adjudicatetime" layername="adjudicatetime" frame="0" z_index="1" m_a="1.000000" m_b="0.000000" m_c="0.000000" m_d="1.000000" m_tx="0.749952" m_ty="-1.500096"/>
  </frame>
  <frame idx="75" w="212" h="277" x="0.749954" y="-58.500092">
   <element name="adjudicatetime" layername="adjudicatetime" frame="0" z_index="1" m_a="1.000000" m_b="0.000000" m_c="0.000000" m_d="1.000000" m_tx="0.749952" m_ty="-1.500096"/>
  </frame>
 </anim>
</Anims>
